CaseID,Event_Name,City,Year,Month,YYYY-MM,Key_Pollutant,PM2.5_ugm3,NO2_ppb,Temp_C,Rainfall_mm,WindSpeed_ms,PBL_Height_m,DriverCause,Intervention_Type,Policy_Event,Outcome,SourceReference,Notes
CS001,Beijing_Airpocalypse,Beijing,2013,01,2013-01,PM2.5,800,120,-5,2,1.5,200,Coal combustion for heating + industrial emissions (steel/cement/glass) + vehicle emissions + stagnant meteorology,Policy,Air Pollution Action Plan,Coal restrictions reduced PM2.5 by 35% by 2017,https://pmc.ncbi.nlm.nih.gov/articles/PMC6918940/,Severe winter smog lasting 3 weeks; visibility under 100m; 50% from coal-fired power
CS002,Delhi_Diwali,Delhi,2016,11,2016-11,PM2.5,900,95,22,0,0.8,250,Fireworks emissions + crop residue burning + vehicle traffic + thermal inversion,Policy,Partial Firecracker Ban,Raised awareness but limited immediate impact,https://airquality.gsfc.nasa.gov/particulate-matter,Fireworks combined with crop burning and thermal inversion
CS003,London_Great_Smog,London,1952,12,1952-12,PM2.5,1600,200,3,0,0.5,150,Coal combustion for heating + industrial emissions + anticyclonic conditions,Policy,Clean Air Act 1956,Reduced coal use and established smoke-free zones,https://pmc.ncbi.nlm.nih.gov/articles/PMC7536029/,5-day deadly smog; 12000+ deaths; coal combustion trapped by weather
CS004,COVID_Lockdown,Global,2020,04,2020-04,NO2,Drop 30-50%,Drop 40-60%,15,45,2.5,800,Transportation emissions cessation + industrial activity reduction,Behavior Change,Emergency Lockdowns,Temporary 25-60% reduction in NO2 globally,https://airquality.gsfc.nasa.gov/forecast,Clear evidence of transportation impact; NASA satellite data confirmed reductions
CS005,Los_Angeles_Smog,Los Angeles,1943,07,1943-07,O3,N/A,85,28,0,2.1,450,Vehicle emissions + photochemical reactions + topographic basin + temperature inversion,Policy,California Air Resources Board created,Led to vehicle emission standards nationwide,https://www.aqmd.gov/home/research/publications/50-years-of-progress,First recognized photochemical smog event
CS006,Mexico_City_Crisis,Mexico City,1992,03,1992-03,O3,120,150,22,5,1.2,600,Vehicle emissions + industrial activity + high altitude + intense solar radiation,Policy,Hoy No Circula program,Reduced vehicle emissions by 20% initially,https://sites.wustl.edu/acag/datasets/surface-pm2-5/,Emergency measures due to ozone levels; school closures
CS007,Donora_Death_Fog,Donora PA,1948,10,1948-10,SO2,N/A,N/A,10,2,0.3,180,Industrial emissions (steel/zinc production) + river valley topography + temperature inversion,Policy,Air Pollution Control Act 1955,First federal involvement in air quality,https://environmentalhistory.org/about/airpollution/,Industrial emissions trapped; 20 deaths; 6000 ill; catalyst for federal action
CS008,Tehran_School_Closure,Tehran,2016,12,2016-12,PM2.5,150,110,5,8,1.8,300,Vehicle emissions + winter heating + topographic basin + thermal inversion,Policy,Emergency Traffic Restrictions,Schools closed; temporary reduction in traffic,https://haqast.org/data-and-tools/,Combination of winter inversion and vehicle emissions
CS009,Paris_Spike,Paris,2014,03,2014-03,PM10,180,90,12,5,2.0,400,Vehicle emissions (diesel) + residential heating + long-range transport + anticyclonic conditions,Policy,Alternate License Plate Driving,Reduced PM10 by 15% during restrictions,https://www.earthdata.nasa.gov/learn/find-data/near-real-time/hazards-and-disasters/air-quality,Unusual spring pollution spike; free public transport offered
CS010,Harbin_Blackout,Harbin,2013,10,2013-10,PM2.5,1000,130,8,0,1.0,220,Coal heating system startup + industrial emissions + agricultural burning + stagnant air,Policy,Heating Season Regulations,Delayed coal heating start in subsequent years,https://pmc.ncbi.nlm.nih.gov/articles/PMC6918940/,Airport and highways closed; visibility near zero
CS011,Southeast_Asia_Haze,Singapore,2015,09,2015-09,PM2.5,400,55,28,10,1.5,500,Forest and peatland fires (land clearing) + transboundary transport + dry season,Policy,Transboundary Haze Pollution Act,ASEAN agreement on forest fire prevention,https://airquality.gsfc.nasa.gov/forecast,Indonesian forest fires; PSI exceeded 300
CS012,Santiago_Episode,Santiago,1989,06,1989-06,PM10,250,120,8,15,1.2,350,Vehicle emissions + residential wood burning + industrial activity + Andes mountain barrier,Policy,Pre-Emergency Environmental Alert,Led to systematic vehicle restrictions,https://www.earthdata.nasa.gov/learn/articles/sedac-air-quality-health-data-collection,Winter inversion with wood burning and vehicle emissions
CS013,California_Wildfires,San Francisco,2020,09,2020-09,PM2.5,550,45,22,0,2.5,400,Wildfire smoke (climate-driven) + dry vegetation + wind patterns,Infrastructure,Emergency Health Advisories,Increased focus on indoor air quality and low-cost sensors,https://appliedsciences.nasa.gov/sites/default/files/D1P8_SfcPM25_final_8.pdf,Climate-driven wildfires; smoke reached East Coast; NASA satellite monitoring
CS014,Jakarta_Haze,Jakarta,2019,09,2019-09,PM2.5,180,75,32,5,1.8,550,Forest fires (land clearing) + vehicle emissions + industrial activity + seasonal meteorology,Policy,Citizen Lawsuits,Government sued for negligence; early clean air regulations,https://sites.wustl.edu/acag/datasets/surface-pm2-5/,Forest fires plus urban traffic; seasonal haze crisis
CS015,Lahore_Winter_Smog,Lahore,2019,11,2019-11,PM2.5,650,105,18,0,1.0,280,Crop residue burning + vehicle emissions + industrial activity + brick kilns + thermal inversion,Policy,Emergency School Closures,Cross-border talks with India on crop burning,https://www.earthdata.nasa.gov/learn/find-data/near-real-time/hazards-and-disasters/air-quality,Severe smog from crop fires and urban sources
CS016,Cairo_Black_Cloud,Cairo,2015,10,2015-10,PM10,320,85,28,0,2.2,450,Agricultural burning (rice straw) + vehicle emissions + industrial activity + thermal inversion,Policy,Rice Straw Burning Ban,Mixed enforcement; recurring annual problem,https://airquality.gsfc.nasa.gov/forecast,Agricultural burning of rice straw; thermal inversion
CS017,Athens_Smog_Crisis,Athens,1987,07,1987-07,O3,N/A,140,35,0,1.5,500,Vehicle emissions + industrial emissions + photochemical reactions + Mediterranean anticyclone,Policy,Traffic Restrictions Introduced,Odd-even license plate system; catalytic converters mandated,https://appliedsciences.nasa.gov/sites/default/files/2023-03/D2P7_PM25Datasets_Final.pdf,Mediterranean summer inversion; industrial and vehicle emissions
CS018,Poza_Rica_Disaster,Poza Rica,1950,11,1950-11,H2S,N/A,N/A,22,5,0.4,200,Hydrogen sulfide gas release from oil refinery + stagnant meteorology + valley topography,Policy,Industrial Safety Regulations Mexico,Led to refinery safety standards and emergency protocols,https://environmentalhistory.org/about/airpollution/,22 deaths; 320 hospitalizations; toxic gas release from refinery malfunction
CS019,New_York_Smog,New York City,1966,11,1966-11,SO2,N/A,95,8,15,1.2,250,Coal-fired power plants + vehicle emissions + industrial sources + stagnant high-pressure system,Policy,Sulfur Content Regulations,Stricter emission controls on power plants and heating oil,https://en.wikipedia.org/wiki/1966_New_York_City_smog,Thanksgiving weekend disaster; 168+ deaths; third major NYC smog event
CS020,New_York_Smaze,New York City,1953,11,1953-11,PM10,350,85,6,8,0.8,220,Coal combustion (power/heating) + industrial emissions + vehicle exhaust + thermal inversion,Policy,New York City Air Pollution Control,First municipal air pollution control department in US,https://aqli.epic.uchicago.edu/news/the-origin-story-of-the-air-quality-index-and-the-toxic-smaze-that-came-before-it/,6-day toxic shroud; 200+ deaths; coined term 'smaze' (smoke + haze)
CS021,Kuala_Lumpur_Haze,Kuala Lumpur,1997,09,1997-09,PM10,350,60,30,0,1.0,480,Indonesian forest fires + peat burning + transboundary smoke transport + El Niño drought,Policy,Environmental Quality Act 1997,Regional cooperation on haze; emergency measures protocol,https://www.sciencedirect.com/science/article/abs/pii/S0269749114001018,Worst Malaysian haze; API hazardous for 6 months; entire country affected
CS022,Seoul_Olympics_Smog,Seoul,1988,09,1988-09,PM10,180,110,22,95,2.2,420,Rapid industrialization + vehicle emissions + construction dust + thermal conditions,Policy,Air Quality Improvement Program,Pre-Olympics traffic restrictions and factory controls,https://en.wikipedia.org/wiki/Air_pollution_in_South_Korea,Olympic preparations drove first major air quality initiatives
CS023,Mumbai_Diwali,Mumbai,2018,11,2018-11,PM2.5,380,75,28,0,1.5,380,Fireworks + construction dust + vehicle emissions + industrial sources + sea breeze inversion,Policy,Firecracker Time Restrictions,Limited success; awareness campaigns increased,https://sites.wustl.edu/acag/datasets/surface-pm2-5/,Festival pollution spike; AQI reached 'very poor' category
CS024,Osaka_Industrial_Smog,Osaka,1970,07,1970-07,SO2,N/A,120,28,150,1.8,420,Heavy industrial emissions (steel/chemicals) + vehicle exhaust + photochemical reactions,Policy,Air Pollution Control Act 1968,Japan's first comprehensive air quality law; emission standards,https://aozora.or.jp/lang/english/the-history-of-japans-air-pollution/,Known as 'Smoke Capital'; industrial development crisis
CS025,Chongqing_Fog_Crisis,Chongqing,2017,01,2017-01,PM2.5,420,105,-2,5,0.9,180,Coal heating + industrial emissions + natural fog + mountainous topography + thermal inversion,Policy,Coal Ban in Urban Areas,Central heating expansion; coal replacement program,https://pmc.ncbi.nlm.nih.gov/articles/PMC6918940/,Mountainous city with severe winter pollution; natural fog compounds smog
CS026,Ulaanbaatar_Winter,Ulaanbaatar,2016,12,2016-12,PM2.5,580,85,-25,2,1.2,150,Raw coal burning (ger districts) + vehicle emissions + extreme cold + valley topography,Policy,Clean Air Fund 2017,Transition to cleaner fuels; improved stoves distribution,https://sites.wustl.edu/acag/datasets/surface-pm2-5/,World's coldest capital; informal settlements burn raw coal
CS027,Kraków_Smog_Alert,Kraków,2017,01,2017-01,PM2.5,280,90,-8,10,1.0,220,Residential coal heating + vehicle emissions + valley location + winter inversion,Policy,Coal Burning Ban 2019,City-wide coal ban; subsidies for heating system replacement,https://www.earthdata.nasa.gov/learn/find-data/near-real-time/hazards-and-disasters/air-quality,One of Europe's most polluted cities; residential heating primary cause
CS028,Hanoi_Construction_Dust,Hanoi,2018,02,2018-02,PM10,220,95,18,5,1.5,320,Construction activities + vehicle emissions + industrial sources + meteorological stagnation,Policy,Construction Dust Control Regulations,Mandatory dust suppression at construction sites,https://sites.wustl.edu/acag/datasets/surface-pm2-5/,Rapid urban development; construction boom pollution
CS029,Sydney_Bushfire_Smoke,Sydney,2019,12,2019-12,PM2.5,480,40,32,0,3.0,520,Bushfire smoke (drought + heat) + long-range transport + urban heat island,Infrastructure,Air Quality Monitoring Expansion,Increased monitoring network; public health advisories,https://appliedsciences.nasa.gov/sites/default/files/D1P8_SfcPM25_final_8.pdf,Worst bushfire season; hazardous air for weeks; PM2.5 11x WHO limit
CS030,Almaty_Inversion_Crisis,Almaty,2014,12,2014-12,PM2.5,340,100,-12,8,0.8,180,Vehicle emissions + coal heating + industrial sources + mountain valley topography + thermal inversion,Policy,Environmental Code 2015,Vehicle emission standards; heating fuel quality improvements,https://sites.wustl.edu/acag/datasets/surface-pm2-5/,Mountain-locked city; chronic winter inversions
CS031,Dhaka_Brick_Kiln,Dhaka,2019,01,2019-01,PM2.5,450,88,18,2,1.2,280,Brick kiln emissions + vehicle exhaust + construction dust + transboundary pollution + winter stagnation,Policy,Brick Kiln Emission Standards,Zigzag technology mandate; seasonal operation limits,https://www.earthdata.nasa.gov/learn/find-data/near-real-time/hazards-and-disasters/air-quality,4000+ brick kilns around city; major pollution source
CS032,Istanbul_Heating_Season,Istanbul,2017,12,2017-12,PM10,210,105,5,65,2.0,300,Coal/wood heating + vehicle emissions + shipping (Bosphorus) + topographic channeling,Policy,Natural Gas Conversion Program,Subsidized natural gas infrastructure; coal phase-out,https://airquality.gsfc.nasa.gov/forecast,Transcontinental city; winter heating pollution spike
CS033,Kathmandu_Valley_Smog,Kathmandu,2018,01,2018-01,PM2.5,320,75,8,5,1.0,240,Brick kilns + vehicle emissions + biomass burning + valley topography + winter inversion,Policy,Valley-wide Pollution Control,Brick kiln relocation; vehicle emission testing,https://sites.wustl.edu/acag/datasets/surface-pm2-5/,Bowl-shaped valley traps pollution; world heritage at risk
CS034,Bogota_Rush_Hour,Bogotá,2019,03,2019-03,NO2,85,125,14,45,1.8,420,Vehicle emissions + high altitude + rapid motorization + inadequate public transit,Policy,Pico y Placa Extension,Extended driving restrictions; TransMilenio expansion,https://www.earthdata.nasa.gov/learn/find-data/near-real-time/hazards-and-disasters/air-quality,High-altitude city; NO2 from vehicle density
CS035,Skopje_Balkan_Crisis,Skopje,2017,12,2017-12,PM10,285,95,-2,15,0.9,200,Residential wood/coal burning + vehicle emissions + industrial sources + valley topography,Policy,State of Emergency Declared,Traffic restrictions; free public transport; vulnerable population advisory,https://airquality.gsfc.nasa.gov/forecast,One of Europe's most polluted capitals; energy poverty drives wood burning
CS036,Brisbane_Hazard_Burn,Brisbane,2018,09,2018-09,PM2.5,180,35,24,0,2.8,480,Prescribed burns + bushfire smoke + dry conditions + wind transport,Infrastructure,Prescribed Burn Protocol Review,Improved burn scheduling; public notification system,https://appliedsciences.nasa.gov/sites/default/files/D1P8_SfcPM25_final_8.pdf,Hazard reduction burns created unexpected urban smoke event
CS037,Christchurch_Wood_Smoke,Christchurch,2016,06,2016-06,PM10,180,55,6,55,1.5,280,Residential wood burning + vehicle emissions + temperature inversion + basin topography,Policy,Clean Air Programme Phase 2,Wood burner replacement subsidies; restrictions on installations,https://sites.wustl.edu/acag/datasets/surface-pm2-5/,Winter wood smoke dominates; Canterbury Plains inversion
CS038,Shenzhen_Industrial_Haze,Shenzhen,2013,10,2013-10,PM2.5,185,95,24,15,1.8,380,Industrial emissions + vehicle traffic + construction dust + regional transport + sea-land breeze,Policy,Air Quality Management Plan,Factory relocation; vehicle emission standards,https://pmc.ncbi.nlm.nih.gov/articles/PMC6918940/,Rapid industrialization; Pearl River Delta pollution
CS039,Riyadh_Dust_Storm,Riyadh,2018,03,2018-03,PM10,950,65,28,0,4.5,650,Desert dust storm + construction activities + vehicle-raised dust + arid conditions,Infrastructure,Green Riyadh Project,Urban greening; dust suppression measures,https://www.earthdata.nasa.gov/learn/find-data/near-real-time/hazards-and-disasters/air-quality,Dust storms combine with urban pollution; visibility severely reduced
CS040,Guangzhou_Pearl_Delta,Guangzhou,2014,01,2014-01,PM2.5,220,108,12,25,1.5,320,Industrial emissions (manufacturing) + vehicle traffic + regional pollution transport + meteorology,Policy,Pearl River Delta Air Quality Plan,Regional cooperation; emission controls across 9 cities,https://pmc.ncbi.nlm.nih.gov/articles/PMC6918940/,Major manufacturing hub; regional pollution challenge
CS041,NYC_Canadian_Smoke,New York City,2023,06,2023-06,PM2.5,315,55,18,15,2.0,420,Canadian wildfire smoke transport + Quebec forest fires + atmospheric stagnation + radiative cooling effect,Infrastructure,Emergency Air Quality Advisories,Increased asthma ED visits; focus on indoor air quality; AQI reached 342 hazardous,https://www.nature.com/articles/s43247-025-02214-3,Orange apocalyptic sky; PM2.5 14.5x WHO guidelines; cooled NYC by 3°C
CS042,Chile_Mega_Fires,Valparaíso,2024,02,2024-02,PM2.5,450,65,28,0,3.5,480,Climate-driven wildfires + extreme heat + drought + eucalyptus plantations + urban-wildland interface,Policy,National Emergency Declaration,134 deaths; PM2.5 6x WHO limits; increased respiratory hospitalizations,https://www.sciencedirect.com/science/article/abs/pii/S0048969724056912,Most devastating Chilean fires; 10000+ homes destroyed; black carbon spike
CS043,Bangkok_Burning_Season,Bangkok,2023,03,2023-03,PM2.5,180,85,32,5,1.2,380,Agricultural burning + vehicle emissions + construction dust + transboundary smoke + thermal inversion,Policy,Emergency PM2.5 Reduction Plan,Schools moved online; construction halts; cloud seeding attempted,https://www.iqair.com/thailand/bangkok,Worst air quality in decade; ranked most polluted city globally multiple days
CS044,Sarajevo_Valley_Trap,Sarajevo,2022,01,2022-01,PM10,320,110,-2,25,0.8,190,Residential coal/wood burning + vehicle emissions + valley topography + winter inversion + poverty,Policy,Coal Burning Restrictions,Limited enforcement; EU pressure for environmental standards,https://www.earthdata.nasa.gov/learn/find-data/near-real-time/hazards-and-disasters/air-quality,Europe's most polluted capital; energy poverty drives solid fuel use
CS045,Warsaw_Smog_Alert,Warsaw,2023,12,2023-12,PM2.5,165,95,0,18,1.5,280,Residential heating + vehicle emissions + industrial sources + anticyclonic conditions,Policy,Smog Alert System,Public health warnings; free public transport during high pollution,https://sites.wustl.edu/acag/datasets/surface-pm2-5/,Recurring winter pollution; Poland's coal dependence challenge
CS046,Montreal_Smoke_Wave,Montreal,2023,06,2023-06,PM2.5,240,48,20,12,2.2,450,Quebec wildfire smoke + local forest fires + atmospheric transport + urban heat island,Infrastructure,Air Quality Health Index Expansion,Increased monitoring; vulnerable population advisories; AQI 250+,https://www.nature.com/articles/s41586-025-09482-1,Part of 2023 Canadian fire season; widespread regional impact
CS047,Portland_Fire_Season,Portland,2020,09,2020-09,PM2.5,520,50,24,0,1.8,380,Oregon wildfires + dry conditions + wind patterns + smoke transport + climate change,Infrastructure,Emergency Smoke Shelters,Indoor air quality program; low-cost sensor network expansion,https://appliedsciences.nasa.gov/sites/default/files/D1P8_SfcPM25_final_8.pdf,Multiple fire complexes; worst air quality on record; AQI exceeded 500
CS048,Nairobi_Traffic_Crisis,Nairobi,2022,08,2022-08,PM2.5,95,88,18,45,2.5,520,Vehicle emissions (old fleet) + unpaved roads + construction dust + biomass burning,Policy,Vehicle Age Limit Enforcement,8-year import age limit; matatu emission testing,https://sites.wustl.edu/acag/datasets/surface-pm2-5/,Rapid motorization; informal public transport pollution
CS049,Ho_Chi_Minh_Motorbike,Ho Chi Minh City,2021,02,2021-02,PM2.5,125,105,28,5,1.6,400,Motorcycle emissions + construction boom + industrial sources + meteorological stagnation,Policy,Motorcycle Emission Standards,Euro 4 standards implemented; green public transport expansion,https://www.earthdata.nasa.gov/learn/find-data/near-real-time/hazards-and-disasters/air-quality,9 million motorcycles; vehicle density challenge
CS050,Addis_Ababa_Construction,Addis Ababa,2021,12,2021-12,PM10,180,72,15,35,2.8,480,Construction dust + unpaved roads + vehicle emissions + eucalyptus burning,Infrastructure,Urban Air Quality Monitoring,First comprehensive monitoring network; EPA establishment,https://airquality.gsfc.nasa.gov/forecast,Rapid urbanization; infrastructure boom pollution
CS051,Kolkata_Diwali,Kolkata,2021,11,2021-11,PM2.5,420,92,24,0,1.0,320,Fireworks + crop burning + vehicle traffic + industrial emissions + thermal inversion,Policy,Firecracker Ban Extension,2-hour window; enforcement challenges; public awareness campaigns,https://sites.wustl.edu/acag/datasets/surface-pm2-5/,Post-pandemic Diwali; PM2.5 spike 8x normal levels
CS052,Phoenix_Dust_Storm,Phoenix,2018,07,2018-07,PM10,850,65,42,0,8.5,720,Haboob dust storm + desert conditions + thunderstorm outflow + vehicle-raised dust,Infrastructure,Dust Action Program,Forecasting system; public warning protocols,https://www.earthdata.nasa.gov/learn/find-data/near-real-time/hazards-and-disasters/air-quality,Massive dust wall; visibility near zero; airport closures
CS053,Auckland_Smoke_Event,Auckland,2023,02,2023-02,PM2.5,95,42,22,15,3.0,520,Residential wood burning + vehicle emissions + temperature inversion + topography,Policy,Clean Air Rules 2022,Wood burner restrictions; emission standards,https://sites.wustl.edu/acag/datasets/surface-pm2-5/,Summer smoke event; unusual for season; health advisories
CS054,Tashkent_Cotton_Burn,Tashkent,2019,10,2019-10,PM2.5,280,85,15,8,1.5,340,Agricultural burning (cotton stalks) + vehicle emissions + industrial sources + thermal inversion,Policy,Agricultural Burning Restrictions,Penalties for open burning; crop residue management programs,https://airquality.gsfc.nasa.gov/forecast,Cotton harvest season; Central Asian regional issue
CS055,Quito_Traffic_Altitude,Quito,2020,08,2020-08,NO2,75,135,14,35,2.0,380,Vehicle emissions + high altitude + incomplete combustion + valley topography + rapid motorization,Policy,Pico y Placa Expansion,Driving restrictions extended; electric bus fleet,https://www.earthdata.nasa.gov/learn/find-data/near-real-time/hazards-and-disasters/air-quality,2850m altitude; thin air increases emissions; Andean valley location
CS056,Manila_Jeepney_Smoke,Manila,2020,01,2020-01,PM2.5,145,98,28,25,2.2,420,Jeepney/diesel emissions + traffic congestion + construction + thermal conditions,Policy,Jeepney Modernization Program,Phase-out of old vehicles; electric jeepney introduction,https://sites.wustl.edu/acag/datasets/surface-pm2-5/,Iconic transport pollution; 200000+ jeepneys; public resistance
CS057,Buenos_Aires_Winter,Buenos Aires,2019,07,2019-07,PM10,125,95,10,45,2.5,320,Vehicle emissions + residential heating + industrial sources + atmospheric stagnation,Policy,Emergency Environmental Protocol,Health warnings; traffic management during episodes,https://airquality.gsfc.nasa.gov/forecast,Winter pollution spike; southern hemisphere inversion
CS058,Kampala_Boda_Exhaust,Kampala,2022,06,2022-06,PM2.5,115,82,23,85,2.0,450,Motorcycle taxis (boda-boda) + unpaved roads + vehicle emissions + biomass burning,Policy,Boda-Boda Emission Standards,Registration requirements; helmet laws include emission checks,https://sites.wustl.edu/acag/datasets/surface-pm2-5/,300000+ motorcycle taxis; informal transport pollution
CS059,Dar_es_Salaam_Dust,Dar es Salaam,2021,09,2021-09,PM10,165,68,26,15,3.5,520,Unpaved roads + construction dust + vehicle emissions + coastal winds + rapid urbanization,Infrastructure,Urban Roads Paving Program,Major road paving initiative; dust suppression measures,https://www.earthdata.nasa.gov/learn/find-data/near-real-time/hazards-and-disasters/air-quality,70% roads unpaved; construction boom; dust predominant pollutant
CS060,Vancouver_Smoke_Dome,Vancouver,2021,07,2021-07,PM2.5,280,45,32,0,1.2,420,BC interior wildfires + heat dome + atmospheric stagnation + smoke transport,Infrastructure,Cooling Centers Air Filtration,Emergency shelters with HEPA; vulnerable population support,https://appliedsciences.nasa.gov/sites/default/files/D1P8_SfcPM25_final_8.pdf,Record heat + smoke; 619 deaths; combined climate extremes
CS061,Accra_Waste_Burning,Accra,2020,03,2020-03,PM2.5,185,75,30,55,2.8,480,Open waste burning + vehicle emissions + industrial sources + coastal conditions,Policy,Waste Management Act 2020,Ban on open burning; waste collection improvement,https://sites.wustl.edu/acag/datasets/surface-pm2-5/,Informal waste disposal; burning prevalent in informal settlements
CS062,Brasília_Cerrado_Fires,Brasília,2020,09,2020-09,PM2.5,220,58,28,0,3.0,580,Cerrado savanna fires + agricultural burning + dry season + wind transport,Policy,Fire Prevention Campaign,Increased monitoring; firefighting resources; burning bans,https://airquality.gsfc.nasa.gov/forecast,Brazilian savanna burning; climate-driven fire season
CS063,Casablanca_Traffic_Surge,Casablanca,2022,11,2022-11,NO2,80,115,18,25,3.2,420,Vehicle emissions + port activities + industrial zone + coastal meteorology,Policy,Clean Air Action Plan,Vehicle emission standards; port electrification plans,https://www.earthdata.nasa.gov/learn/find-data/near-real-time/hazards-and-disasters/air-quality,Economic capital; rapid motorization; Morocco's largest city
CS064,Lima_Desert_Inversion,Lima,2021,07,2021-07,PM2.5,95,88,16,0,2.0,280,Vehicle emissions + desert dust + coastal inversion + industrial sources + no rain,Policy,Aire Limpio Program,Vehicle restrictions; emission standards; monitoring expansion,https://sites.wustl.edu/acag/datasets/surface-pm2-5/,Coastal desert city; persistent inversion; virtually no rainfall
CS065,Karachi_Industrial_Haze,Karachi,2022,12,2022-12,PM2.5,380,95,18,5,1.8,320,Industrial emissions + vehicle traffic + construction dust + coastal refinery + winter stagnation,Policy,Sindh Clean Air Act,Industrial emission limits; vehicle inspection program,https://airquality.gsfc.nasa.gov/forecast,Pakistan's largest city; industrial corridor pollution
CS066,Medellin_Valley_Smog,Medellín,2019,03,2019-03,PM2.5,145,102,22,65,1.5,340,Vehicle emissions + valley topography + industrial activity + thermal inversion,Policy,Pico y Placa Ambiental,Environmental emergency restrictions; public transport free,https://www.earthdata.nasa.gov/learn/find-data/near-real-time/hazards-and-disasters/air-quality,Aburrá Valley trap; motorcycle capital; topographic challenge
CS067,Dakar_Sahara_Dust,Dakar,2020,02,2020-02,PM10,420,55,24,0,5.5,650,Saharan dust transport + vehicle emissions + coastal winds + desert conditions,Infrastructure,Air Quality Monitoring Network,First monitoring stations; health advisory system,https://airquality.gsfc.nasa.gov/forecast,Harmattan season; Saharan dust dominates; regional phenomenon
CS068,Port_au_Prince_Generator,Port-au-Prince,2021,07,2021-07,PM2.5,125,92,30,120,2.2,480,Diesel generators + vehicle emissions + waste burning + limited electricity + poverty,Policy,Energy Sector Reform Attempt,Grid improvement plans; renewable energy push,https://sites.wustl.edu/acag/datasets/surface-pm2-5/,Electricity crisis; 60000+ generators; economic collapse impact
CS069,Canberra_Bushfire_Smoke,Canberra,2020,01,2020-01,PM2.5,620,42,28,5,2.0,450,Bushfire smoke transport + local fires + extreme heat + drought conditions,Infrastructure,National Bushfire Recovery,Enhanced air monitoring; community shelters with filtration,https://appliedsciences.nasa.gov/sites/default/files/D1P8_SfcPM25_final_8.pdf,Black Summer fires; capital city impacted; PM2.5 23x hazardous threshold
CS070,Tunis_Agricultural_Burn,Tunis,2021,06,2021-06,PM10,165,78,32,0,3.0,520,Agricultural burning + vehicle emissions + Saharan dust + coastal conditions,Policy,Agricultural Burning Ban,Timing restrictions; crop residue alternatives,https://airquality.gsfc.nasa.gov/forecast,Summer harvest burning; Mediterranean coastal pollution
CS071,Shijiazhuang_Red_Alert,Shijiazhuang,2016,12,2016-12,PM2.5,1000,145,-3,0,0.9,180,Coal combustion + steel industry + vehicle emissions + winter heating + stagnant meteorology,Policy,Red Alert Emergency Response,Schools closed; factories halted; traffic restrictions; most severe alert,https://www.thelancet.com/journals/lanplh/article/PIIS2542-5196(17)30024-4/fulltext,Henan province severe smog; PM2.5 exceeded 1000 μg/m³; December 2016 wave
CS072,Zibo_Industrial_Haze,Zibo,2015,01,2015-01,PM2.5,88,98,-2,5,1.3,240,Heavy industrial emissions (petrochemicals/ceramics) + coal combustion + vehicle traffic,Policy,Industrial Emission Controls,Factory upgrades; emission standards tightened,https://aaqr.org/articles/aaqr-19-11-baq-0591,Heavy industrial city North China; annual PM2.5 88 μg/m³ in 2015
CS073,Milan_Po_Valley,Milan,2023,01,2023-01,PM2.5,85,92,3,15,1.2,280,Vehicle emissions + residential heating + Po Valley topography + winter inversion + stagnation,Policy,Traffic Restrictions Extended,Area C expansion; diesel ban; public transport incentives,https://atmosphere.copernicus.eu/extreme-episode-particulate-matter-air-pollution-across-italys-po-valley,Po Valley trap; surrounded by Alps; persistent winter pollution
CS074,Turin_Winter_Smog,Turin,2022,12,2022-12,PM10,95,88,2,25,1.0,260,Vehicle emissions + residential heating + industrial activity + Alpine barrier + inversion,Policy,Emergency Traffic Measures,Vehicle circulation limits; heating temperature restrictions,https://www.eea.europa.eu/en/topics/in-depth/air-pollution,Alpine foothills location; chronic winter pollution problem
CS075,Rome_Traffic_Crisis,Rome,2020,02,2020-02,NO2,75,105,12,45,2.0,380,Vehicle emissions + traffic congestion + topographic bowl + limited public transport,Policy,Limited Traffic Zone Expansion,Historic center restrictions; public transport improvement,https://www.esa.int/Applications/Observing_the_Earth/Copernicus/Sentinel-5P/Air_pollution_remains_low_as_Europeans_stay_at_home,Seven hills topography; traffic density; 45% NO2 reduction during lockdown
CS076,Padova_Valley_Pollution,Padua,2023,01,2023-01,PM2.5,90,85,1,18,1.1,250,Vehicle emissions + agricultural activities + residential heating + Po Valley stagnation,Policy,Regional Air Quality Plan,Coordinated Veneto region measures; biomass burning restrictions,https://www.europeandatajournalism.eu/cp_data_news/no-clean-air-in-sight-europes-worst-affected-cities/,Veneto region pollution; PM2.5 surged above 75 μg/m³ January 2023
CS077,Verona_Smog_Episode,Verona,2023,01,2023-01,PM2.5,88,82,2,20,1.2,270,Vehicle emissions + residential heating + agricultural burning + valley location + inversion,Policy,Biomass Burning Ban,Wood stove restrictions; heating fuel regulations,https://www.europeandatajournalism.eu/cp_data_news/no-clean-air-in-sight-europes-worst-affected-cities/,Arena city; tourist impact; January 2023 spike above 75 μg/m³
CS078,Madrid_Lockdown,Madrid,2020,03,2020-03,NO2,50,Drop 45%,11,35,2.5,420,Vehicle emissions reduction + lockdown measures + industrial slowdown,Behavior Change,COVID-19 State of Emergency,45% NO2 reduction during March 2020 lockdown,https://www.esa.int/Applications/Observing_the_Earth/Copernicus/Sentinel-5P/Air_pollution_remains_low_as_Europeans_stay_at_home,Sentinel-5P satellite data; dramatic pollution drop during lockdown
CS079,Barcelona_Port_Pollution,Barcelona,2021,07,2021-07,NO2,65,98,28,25,3.0,480,Port activities + cruise ships + vehicle emissions + industrial zone + coastal conditions,Policy,Port Electrification Plan,Shore power for ships; emission reduction targets,https://www.eea.europa.eu/en/topics/in-depth/air-pollution,Major Mediterranean port; shipping emissions significant contributor
CS080,Brussels_Traffic_Zone,Brussels,2022,09,2022-09,NO2,55,92,16,65,2.2,380,Vehicle emissions + EU district traffic + diesel vehicles + urban density,Policy,Low Emission Zone Expansion,Stricter vehicle standards; diesel restrictions,https://www.eea.europa.eu/en/topics/in-depth/air-pollution,EU capital; diplomatic traffic; chronic NO2 exceedances
CS081,Amsterdam_Port_District,Amsterdam,2021,01,2021-01,NO2,48,85,4,55,3.5,320,Port activities + vehicle emissions + heating + industrial sources,Policy,Zero Emission Zone 2025,Electric vehicle incentives; port emission controls,https://www.eea.europa.eu/en/topics/in-depth/air-pollution,Major European port; cycling culture helps but port pollution significant
CS082,Prague_Winter_Inversion,Prague,2023,01,2023-01,PM2.5,72,78,-3,22,1.2,240,Residential heating + vehicle emissions + valley location + winter inversion,Policy,Smog Alert System,Public advisories; vulnerable population warnings,https://www.eea.europa.eu/en/topics/in-depth/air-pollution,Historic city; Vltava valley; winter temperature inversions
CS083,Budapest_Danube_Valley,Budapest,2022,12,2022-12,PM10,85,82,0,28,1.5,280,Residential heating + vehicle emissions + river valley + winter conditions,Policy,Air Quality Protection Action Plan,Heating modernization; vehicle restrictions during episodes,https://www.eea.europa.eu/en/topics/in-depth/air-pollution,Danube valley location; winter heating pollution
CS084,Bucharest_Heating_Crisis,Bucharest,2023,01,2023-01,PM2.5,78,88,-5,15,1.3,260,Residential heating + vehicle emissions + energy poverty + winter stagnation,Policy,District Heating Improvement,Infrastructure upgrade; emission standards,https://www.eea.europa.eu/en/topics/in-depth/air-pollution,Old heating infrastructure; energy poverty drives alternative heating
CS085,Sofia_Valley_Smog,Sofia,2022,01,2022-01,PM10,95,92,-4,25,0.9,220,Residential wood/coal burning + vehicle emissions + valley topography + winter inversion,Policy,Solid Fuel Ban,Restrictions on coal/wood burning in urban areas,https://www.eea.europa.eu/en/topics/in-depth/air-pollution,Mountain valley location; energy poverty; wood burning prevalent
CS086,Ljubljana_Basin_Pollution,Ljubljana,2023,12,2023-12,PM2.5,68,75,-1,32,1.1,250,Residential heating + vehicle emissions + basin topography + winter inversion,Policy,Wood Burning Restrictions,Emission standards for heating; traffic management,https://www.eea.europa.eu/en/topics/in-depth/air-pollution,Ljubljana basin; Alpine location; chronic winter inversions
CS087,Zagreb_Winter_Episode,Zagreb,2022,01,2022-01,PM10,82,80,-2,28,1.3,270,Residential heating + vehicle emissions + industrial sources + winter conditions,Policy,Emergency Pollution Measures,Traffic restrictions; heating regulations during alerts,https://www.eea.europa.eu/en/topics/in-depth/air-pollution,Croatian capital; winter heating season pollution
CS088,Thessaloniki_Winter_Smog,Thessaloniki,2021,12,2021-12,PM10,88,85,6,45,1.8,320,Residential heating + vehicle emissions + port activities + coastal inversion,Policy,Traffic Circulation Restrictions,Vehicle limits; heating fuel standards,https://www.eea.europa.eu/en/topics/in-depth/air-pollution,Northern Greece; coastal city; winter heating pollution
CS089,Lisbon_Traffic_Density,Lisbon,2022,08,2022-08,NO2,48,82,26,5,2.8,450,Vehicle emissions + tourist traffic + port activities + hillside topography,Policy,Clean Air Zone Implementation,Vehicle restrictions; public transport expansion,https://www.eea.europa.eu/en/topics/in-depth/air-pollution,Seven hills city; tourist traffic; summer pollution episodes
CS090,Stockholm_Winter_Episode,Stockholm,2023,01,2023-01,PM10,42,65,-8,35,2.0,280,Studded tires (road wear) + vehicle emissions + residential heating + winter conditions,Policy,Studded Tire Fee,Congestion charges; emission zones,https://www.eea.europa.eu/en/topics/in-depth/air-pollution,Studded winter tires create PM10; road wear major source
CS091,Oslo_Road_Dust,Oslo,2022,03,2022-03,PM10,48,58,2,25,2.5,340,Studded tires (road wear) + vehicle emissions + winter salt + spring dust,Policy,Environmental Differentiated Toll,Higher fees for polluting vehicles; studded tire reduction,https://www.eea.europa.eu/en/topics/in-depth/air-pollution,Nordic winter tires; spring road dust problem
CS092,Helsinki_Spring_Dust,Helsinki,2023,04,2023-04,PM10,38,52,5,22,3.0,380,Road dust + studded tires + vehicle emissions + spring conditions,Policy,Road Cleaning Program,Enhanced street sweeping; dust suppression,https://www.eea.europa.eu/en/topics/in-depth/air-pollution,Spring road dust from winter; studded tire wear
CS093,Copenhagen_Traffic_NO2,Copenhagen,2022,11,2022-11,NO2,35,68,8,55,3.2,340,Vehicle emissions + port activities + heating + urban density,Policy,Green Mobility Plan,Cycling infrastructure; electric vehicle incentives,https://www.eea.europa.eu/en/topics/in-depth/air-pollution,Cycling capital but vehicle emissions remain; port pollution
CS094,Vienna_Winter_PM,Vienna,2023,01,2023-01,PM10,52,72,-2,28,1.5,280,Residential heating + vehicle emissions + winter conditions + basin location,Policy,Heating Emission Standards,Fuel quality requirements; traffic management,https://www.eea.europa.eu/en/topics/in-depth/air-pollution,Danube basin; winter heating pollution episodes
CS095,Berlin_Traffic_Diesel,Berlin,2022,07,2022-07,NO2,42,78,22,65,2.8,420,Vehicle emissions (diesel) + traffic density + construction + urban sprawl,Policy,Diesel Driving Bans,Environmental zones; vehicle restrictions,https://www.eea.europa.eu/en/topics/in-depth/air-pollution,German capital; diesel scandal aftermath; NO2 exceedances
CS096,Munich_Alpine_Smog,Munich,2023,12,2023-12,PM10,58,75,0,35,1.2,260,Vehicle emissions + residential heating + Alpine föhn + winter inversion,Policy,Low Emission Zone,Vehicle restrictions; heating standards,https://www.eea.europa.eu/en/topics/in-depth/air-pollution,Alpine proximity; föhn wind effects; winter inversions
CS097,Frankfurt_Airport_NO2,Frankfurt,2022,09,2022-09,NO2,45,85,16,52,2.5,380,Airport emissions + vehicle traffic + industrial activity + urban density,Policy,Air Quality Action Plan,Airport emission limits; traffic restrictions,https://www.eea.europa.eu/en/topics/in-depth/air-pollution,Major European hub airport; aviation emissions significant
CS098,Stuttgart_Valley_Trap,Stuttgart,2023,01,2023-01,PM10,68,88,-1,28,1.0,240,Vehicle emissions (automotive industry) + valley topography + winter heating + inversion,Policy,Traffic Restrictions Expanded,Diesel bans; emergency measures during episodes,https://www.eea.europa.eu/en/topics/in-depth/air-pollution,Automotive capital in valley; chronic pollution; Germany's worst air quality
CS099,Marseille_Port_Emissions,Marseille,2022,07,2022-07,NO2,52,92,28,12,3.5,480,Port activities (cruise ships) + vehicle emissions + industrial zone + Mediterranean conditions,Policy,Port Low Emission Strategy,Shore power implementation; emission controls,https://www.eea.europa.eu/en/topics/in-depth/air-pollution,Major Mediterranean port; cruise ship emissions major source
CS100,Lyon_Winter_Inversion,Lyon,2023,01,2023-01,PM10,72,82,2,35,1.2,280,Vehicle emissions + residential heating + industrial activity + Rhône valley + inversion,Policy,Traffic Restriction Measures,Emergency vehicle limits; heating regulations,https://www.eea.europa.eu/en/topics/in-depth/air-pollution,Rhône-Saône confluence; valley location; winter inversions
CS101,Toulouse_Traffic_Growth,Toulouse,2022,11,2022-11,NO2,48,85,12,58,2.2,360,Vehicle emissions + urban sprawl + aerospace industry + traffic growth,Policy,Low Emission Zone Implementation,Vehicle restrictions; public transport expansion,https://www.eea.europa.eu/en/topics/in-depth/air-pollution,Aerospace capital; rapid growth; traffic density increasing
CS102,Dublin_Traffic_Congestion,Dublin,2022,08,2022-08,NO2,38,75,16,72,3.8,420,Vehicle emissions + traffic congestion + port activities + limited public transport,Policy,Traffic Management Plan,Bus corridor expansion; congestion pricing considered,https://www.eea.europa.eu/en/topics/in-depth/air-pollution,Coastal capital; traffic congestion; public transport limited
CS103,Manchester_Urban_NO2,Manchester,2022,09,2022-09,NO2,42,82,14,88,3.2,380,Vehicle emissions + industrial legacy + urban density + traffic congestion,Policy,Clean Air Zone,Charging for polluting vehicles; emission standards,https://www.eea.europa.eu/en/topics/in-depth/air-pollution,Industrial heritage city; vehicle emissions dominant source
CS104,Birmingham_Traffic_Zone,Birmingham,2023,06,2023-06,NO2,38,78,18,65,2.8,420,Vehicle emissions + motorway network + urban sprawl + traffic density,Policy,Clean Air Zone Expansion,Vehicle charging; emission standards,https://www.eea.europa.eu/en/topics/in-depth/air-pollution,UK's second city; extensive motorway network; NO2 exceedances
CS105,Glasgow_Traffic_NO2,Glasgow,2022,11,2022-11,NO2,35,72,8,95,4.2,340,Vehicle emissions + topographic channeling + industrial legacy + traffic,Policy,Low Emission Zone,Vehicle restrictions; public transport improvements,https://www.eea.europa.eu/en/topics/in-depth/air-pollution,Scottish city; Clyde valley; vehicle emissions focus
CS106,Leeds_Urban_Pollution,Leeds,2023,07,2023-07,NO2,40,75,19,58,2.5,400,Vehicle emissions + traffic congestion + urban density + limited transit,Policy,Clean Air Charging Zone,Fees for older vehicles; emission reduction targets,https://www.eea.europa.eu/en/topics/in-depth/air-pollution,Yorkshire city; traffic density; NO2 compliance challenges
CS107,Antwerp_Port_Complex,Antwerp,2022,08,2022-08,NO2,48,95,22,68,3.0,420,Port activities (Europe's 2nd largest) + petrochemical industry + vehicle emissions,Policy,Port Emission Reduction Plan,Industrial controls; shore power; traffic management,https://www.eea.europa.eu/en/topics/in-depth/air-pollution,Major European port; petrochemical cluster; industrial pollution
CS108,Rotterdam_Industrial_Port,Rotterdam,2022,09,2022-09,NO2,52,98,17,75,3.5,400,Port activities (Europe's largest) + refinery + industrial complex + shipping,Policy,Port of Rotterdam Clean Air Strategy,Emission reduction targets; shore power expansion,https://www.eea.europa.eu/en/topics/in-depth/air-pollution,World's largest European port; massive industrial complex
CS109,Genoa_Port_Valley,Genoa,2023,01,2023-01,PM10,75,88,8,65,1.8,300,Port activities + vehicle emissions + valley topography + residential heating + coastal inversion,Policy,Port Emission Controls,Traffic restrictions; heating standards,https://www.eea.europa.eu/en/topics/in-depth/air-pollution,Ligurian coast; narrow valley; port and traffic pollution
CS110,Naples_Urban_Crisis,Naples,2022,12,2022-12,PM10,82,92,10,85,2.0,320,Vehicle emissions + illegal waste burning + port activities + urban density + Vesuvius topography,Policy,Emergency Waste Management,Enhanced controls; traffic measures,https://www.eea.europa.eu/en/topics/in-depth/air-pollution,Complex topography; waste crisis; illegal burning adds to pollution
CS111,Tianjin_Industrial_Smog,Tianjin,2017,01,2017-01,PM2.5,320,115,-4,8,1.2,220,Coal combustion + heavy industry (steel/chemicals) + port activities + winter heating + stagnation,Policy,Air Pollution Prevention Plan,Industrial upgrades; coal reduction; vehicle controls,https://pmc.ncbi.nlm.nih.gov/articles/PMC6918940/,Major industrial port; severe winter pollution; PM2.5 reduction from 88 to 55 by 2018
CS112,Wuhan_Central_China,Wuhan,2017,12,2017-12,PM2.5,155,95,2,22,1.5,300,Industrial emissions + vehicle traffic + winter heating + Yangtze river valley + meteorology,Policy,Blue Sky Protection Campaign,Industrial controls; vehicle restrictions,https://sites.wustl.edu/acag/datasets/surface-pm2-5/,Central China hub; Yangtze location; winter pollution episodes
CS113,Chengdu_Basin_Trap,Chengdu,2018,01,2018-01,PM2.5,185,102,-1,15,1.0,240,Coal combustion + vehicle emissions + industrial activity + Sichuan basin + winter inversion,Policy,Sichuan Blue Sky Plan,Coal restrictions; industrial controls; vehicle limits,https://www.thelancet.com/journals/lanplh/article/PIIS2542-5196(17)30024-4/fulltext,Sichuan basin location; December 2016 major smog over 500 μg/m³
CS114,Xian_Historical_City,Xi'an,2018,01,2018-01,PM2.5,175,98,-2,12,1.3,260,Coal heating + vehicle emissions + industrial sources + winter inversion + topography,Policy,Coal Burning Restrictions,Clean heating transition; emission controls,https://sites.wustl.edu/acag/datasets/surface-pm2-5/,Historical city; winter heating pollution; valley location
CS115,Nanjing_Yangtze_Delta,Nanjing,2017,12,2017-12,PM2.5,148,92,3,25,1.8,320,Industrial emissions + vehicle traffic + regional transport + winter conditions,Policy,Yangtze Delta Cooperation Plan,Regional emission controls; coordinated actions,https://pmc.ncbi.nlm.nih.gov/articles/PMC6918940/,Yangtze River Delta; regional pollution transport
CS116,Hangzhou_Tech_City,Hangzhou,2018,01,2018-01,PM2.5,128,88,5,32,2.0,340,Vehicle emissions + construction boom + industrial sources + winter heating + regional transport,Policy,Air Quality Improvement Plan,Vehicle restrictions; construction controls,https://sites.wustl.edu/acag/datasets/surface-pm2-5/,Tech hub; rapid development; winter pollution episodes
CS117,Jinan_Spring_City,Jinan,2017,01,2017-01,PM2.5,195,105,-3,5,1.2,240,Coal combustion + heavy industry + vehicle emissions + mountain valley + winter inversion,Policy,Emergency Response Measures,School closures; traffic restrictions; industrial halts,https://pmc.ncbi.nlm.nih.gov/articles/PMC6918940/,Mountain-ringed city; severe winter inversions
CS118,Zhengzhou_Transport_Hub,Zhengzhou,2016,12,2016-12,PM2.5,240,110,-2,8,1.3,250,Coal combustion + vehicle emissions + construction dust + industrial activity + winter stagnation,Policy,Winter Heating Control Plan,Coal quality standards; emission controls,https://www.thelancet.com/journals/lanplh/article/PIIS2542-5196(17)30024-4/fulltext,Central transport hub; Henan province; December 2016 exceeded 500 μg/m³
CS119,Taiyuan_Coal_Capital,Taiyuan,2017,01,2017-01,PM2.5,210,108,-5,5,1.0,220,Coal mining/combustion + heavy industry + winter heating + valley topography + inversion,Policy,Coal Industry Reform,Mine closures; clean heating; industrial upgrades,https://sites.wustl.edu/acag/datasets/surface-pm2-5/,Coal capital of China; chronic pollution; valley location
CS120,Lanzhou_Valley_City,Lanzhou,2018,12,2018-12,PM2.5,168,95,-8,8,1.2,200,Coal combustion + petrochemical industry + vehicle emissions + narrow valley + winter inversion,Policy,Valley Pollution Control Plan,Industrial relocation; emission standards,https://pmc.ncbi.nlm.nih.gov/articles/PMC6918940/,Narrow Yellow River valley; extreme topographic constraint
CS121,Urumqi_Western_China,Ürümqi,2018,01,2018-01,PM2.5,195,85,-15,5,1.5,180,Coal heating + vehicle emissions + industrial sources + extreme cold + basin topography,Policy,Coal to Gas Conversion,Clean heating transition; emission controls,https://sites.wustl.edu/acag/datasets/surface-pm2-5/,Westernmost major city; extreme cold; heavy heating demand
CS122,Hohhot_Inner_Mongolia,Hohhot,2017,12,2017-12,PM2.5,152,88,-12,8,2.0,240,Coal heating + vehicle emissions + dust storms + winter conditions + steppe location,Policy,Clean Heating Program,Coal replacement; emission standards,https://pmc.ncbi.nlm.nih.gov/articles/PMC6918940/,Inner Mongolia; coal heating; dust and smog combination
CS123,Shenyang_Northeast_China,Shenyang,2017,11,2017-11,PM2.5,188,102,-8,12,1.3,240,Coal heating + heavy industry (machinery) + vehicle emissions + winter inversion,Policy,Heating Season Controls,Industrial restrictions; clean heating push,https://sites.wustl.edu/acag/datasets/surface-pm2-5/,Northeast rust belt; heavy industry legacy; severe winters
CS124,Changchun_Auto_City,Changchun,2018,01,2018-01,PM2.5,165,95,-18,8,1.8,220,Coal heating + vehicle emissions + automotive industry + extreme cold + winter stagnation,Policy,Winter Pollution Control,Heating improvements; industrial controls,https://pmc.ncbi.nlm.nih.gov/articles/PMC6918940/,Auto manufacturing hub; extreme cold; heavy heating needs
CS125,Dalian_Port_Industry,Dalian,2017,12,2017-12,PM2.5,142,88,-6,18,2.5,300,Port activities + petrochemical industry + vehicle emissions + winter heating + coastal conditions,Policy,Port Emission Controls,Industrial upgrades; clean heating,https://sites.wustl.edu/acag/datasets/surface-pm2-5/,Major northeastern port; industrial complex; winter pollution
CS126,Qingdao_Coastal_City,Qingdao,2018,01,2018-01,PM2.5,125,82,-2,22,3.0,340,Vehicle emissions + port activities + industrial sources + winter heating + regional transport,Policy,Blue Bay Action Plan,Port controls; industrial emission limits,https://pmc.ncbi.nlm.nih.gov/articles/PMC6918940/,Coastal city; port pollution; winter episodes
CS127,Ningbo_Port_Complex,Ningbo,2017,12,2017-12,PM2.5,135,85,6,28,2.2,320,Port activities + petrochemical industry + vehicle emissions + regional transport,Policy,Port Green Development,Emission controls; industrial upgrades,https://sites.wustl.edu/acag/datasets/surface-pm2-5/,Major port; petrochemical base; regional pollution
CS128,Suzhou_Industrial_Park,Suzhou,2018,01,2018-01,PM2.5,138,88,4,25,1.8,320,Manufacturing + vehicle emissions + construction + winter heating + regional transport,Policy,Industrial Emission Standards,Factory controls; vehicle restrictions,https://pmc.ncbi.nlm.nih.gov/articles/PMC6918940/,Manufacturing hub; Yangtze Delta; regional pollution
CS129,Foshan_Pearl_Delta,Foshan,2017,12,2017-12,PM2.5,152,95,14,18,1.5,340,Manufacturing (ceramics/furniture) + vehicle emissions + construction + regional transport,Policy,Pearl Delta Coordination,Industrial upgrades; emission controls,https://sites.wustl.edu/acag/datasets/surface-pm2-5/,Manufacturing city; Pearl River Delta; regional challenge
CS130,Dongguan_Factory_City,Dongguan,2018,01,2018-01,PM2.5,145,92,15,22,1.8,360,Manufacturing (electronics) + vehicle emissions + construction boom + regional pollution,Policy,Industrial Restructuring,Factory relocation; emission standards,https://pmc.ncbi.nlm.nih.gov/articles/PMC6918940/,World's factory floor; massive manufacturing; air quality improving
CS131,Pune_IT_Growth,Pune,2022,11,2022-11,PM2.5,135,85,22,15,2.0,380,Vehicle emissions + construction boom + industrial activity + Diwali fireworks + winter conditions,Policy,Vehicle Emission Norms,BS-VI standards; construction dust control,https://sites.wustl.edu/acag/datasets/surface-pm2-5/,IT hub; rapid growth; seasonal pollution spikes
CS132,Hyderabad_Tech_City,Hyderabad,2021,11,2021-11,PM2.5,148,82,24,12,1.8,400,Vehicle emissions + construction dust + industrial sources + fireworks + thermal inversion,Policy,Telangana Pollution Control,Vehicle restrictions; construction regulations,https://www.earthdata.nasa.gov/learn/find-data/near-real-time/hazards-and-disasters/air-quality,Tech city; rapid urbanization; Diwali pollution spike
CS133,Chennai_Port_City,Chennai,2022,01,2022-01,PM2.5,115,75,26,35,2.5,420,Vehicle emissions + port activities + industrial zone + construction + coastal conditions,Policy,Tamil Nadu Clean Air Plan,Port emission controls; vehicle standards,https://sites.wustl.edu/acag/datasets/surface-pm2-5/,Major port; auto manufacturing; coastal pollution
CS134,Bangalore_Traffic_Boom,Bengaluru,2022,11,2022-11,PM2.5,125,88,22,55,2.2,400,Vehicle emissions (rapid motorization) + construction boom + trash burning + Diwali,Policy,Bangalore Mobility Plan,Metro expansion; vehicle emission norms,https://airquality.gsfc.nasa.gov/forecast,IT capital; explosive growth; traffic nightmare; altitude 900m
CS135,Ahmedabad_Industrial,Ahmedabad,2021,11,2021-11,PM2.5,165,92,24,8,1.8,360,Industrial emissions (textiles/chemicals) + vehicle traffic + construction + Diwali fireworks,Policy,Gujarat Air Quality Plan,Industrial controls; vehicle standards,https://sites.wustl.edu/acag/datasets/surface-pm2-5/,Industrial hub; textile capital; seasonal spikes
CS136,Surat_Diamond_City,Surat,2022,11,2022-11,PM2.5,142,85,26,12,2.0,380,Industrial emissions (textiles/diamonds) + vehicle emissions + construction + fireworks,Policy,Emission Control Measures,Industrial standards; traffic management,https://www.earthdata.nasa.gov/learn/find-data/near-real-time/hazards-and-disasters/air-quality,Diamond polishing; textile manufacturing; industrial pollution
CS137,Kanpur_Leather_Hub,Kanpur,2021,11,2021-11,PM2.5,285,102,20,8,1.5,320,Industrial emissions (leather/textiles) + vehicle traffic + crop burning + brick kilns + winter stagnation,Policy,Leather Industry Controls,Tannery emission standards; brick kiln regulations,https://sites.wustl.edu/acag/datasets/surface-pm2-5/,Leather capital; chronic pollution; Ganges plains location
CS138,Lucknow_Capital_Smog,Lucknow,2021,11,2021-11,PM2.5,245,95,19,5,1.2,300,Crop residue burning + vehicle emissions + construction + fireworks + thermal inversion,Policy,Stubble Burning Ban,Penalties increased; crop management programs,https://www.earthdata.nasa.gov/learn/find-data/near-real-time/hazards-and-disasters/air-quality,UP capital; Indo-Gangetic plains; severe November pollution
CS139,Jaipur_Pink_City,Jaipur,2022,11,2022-11,PM2.5,195,88,18,2,1.8,340,Vehicle emissions + construction dust + Diwali fireworks + desert dust + winter conditions,Policy,Jaipur Smart City Plan,Traffic management; construction controls; green initiatives,https://sites.wustl.edu/acag/datasets/surface-pm2-5/,Tourist city; desert location; seasonal pollution spikes
CS140,Indore_Commercial_Hub,Indore,2021,11,2021-11,PM2.5,152,82,22,8,2.0,360,Vehicle emissions + industrial activity + construction + fireworks + agricultural burning,Policy,Cleanest City Initiative,Waste management; emission controls; urban greening,https://airquality.gsfc.nasa.gov/forecast,Commercial center; rapid growth; seasonal episodes
CS141,Nagpur_Orange_City,Nagpur,2022,11,2022-11,PM2.5,138,78,24,12,2.2,380,Vehicle emissions + construction dust + industrial sources + fireworks + agricultural burning,Policy,Maharashtra Clean Air Plan,Vehicle standards; construction regulations,https://sites.wustl.edu/acag/datasets/surface-pm2-5/,Central India; commercial hub; winter pollution episodes
CS142,Varanasi_Holy_City,Varanasi,2021,11,2021-11,PM2.5,268,98,18,5,1.3,300,Cremation emissions + vehicle traffic + crop burning + fireworks + industrial sources + thermal inversion,Policy,Ganga Action Plan,Electric cremation; vehicle controls; emission monitoring,https://www.earthdata.nasa.gov/learn/find-data/near-real-time/hazards-and-disasters/air-quality,Sacred city; Ganges location; cremation ghats add to pollution
CS143,Patna_Bihar_Capital,Patna,2021,11,2021-11,PM2.5,295,105,19,8,1.2,280,Crop residue burning + vehicle emissions + brick kilns + construction + fireworks + thermal inversion,Policy,Bihar Air Quality Plan,Crop burning penalties; brick kiln standards,https://sites.wustl.edu/acag/datasets/surface-pm2-5/,Ganges plains; agricultural burning; brick kiln pollution
CS144,Ghaziabad_NCR_Satellite,Ghaziabad,2021,11,2021-11,PM2.5,315,108,18,5,1.0,290,Industrial emissions + vehicle traffic + crop burning + construction + proximity to Delhi,Policy,NCR Air Quality Plan,Industrial controls; coordinated regional measures,https://airquality.gsfc.nasa.gov/forecast,Delhi NCR; industrial satellite; consistently worst AQI in India
CS145,Noida_IT_Corridor,Noida,2021,11,2021-11,PM2.5,288,102,19,5,1.2,300,Construction boom + vehicle emissions + industrial activity + regional pollution transport,Policy,Noida Authority Action Plan,Construction dust control; green belt expansion,https://sites.wustl.edu/acag/datasets/surface-pm2-5/,Delhi NCR; rapid development; construction pollution
CS146,Faridabad_Industrial,Faridabad,2021,11,2021-11,PM2.5,275,98,18,8,1.3,310,Industrial emissions (manufacturing) + vehicle traffic + regional transport from Delhi,Policy,Haryana Clean Air Plan,Industrial emission limits; vehicle restrictions,https://www.earthdata.nasa.gov/learn/find-data/near-real-time/hazards-and-disasters/air-quality,NCR industrial zone; manufacturing hub; regional pollution
CS147,Gurugram_Corporate_City,Gurugram,2021,11,2021-11,PM2.5,265,95,19,5,1.5,320,Vehicle emissions + construction boom + crop burning + industrial activity,Policy,Millennium City Action Plan,Traffic management; construction regulations,https://sites.wustl.edu/acag/datasets/surface-pm2-5/,Corporate hub; rapid growth; NCR pollution challenge
CS148,Chandigarh_Planned_City,Chandigarh,2021,11,2021-11,PM2.5,185,82,16,8,2.0,340,Crop residue burning + vehicle emissions + construction + fireworks,Policy,Chandigarh Clean Air Plan,Stubble burning ban; vehicle controls,https://airquality.gsfc.nasa.gov/forecast,Planned city; relatively better but still impacted by regional burning
CS149,Amritsar_Golden_City,Amritsar,2021,11,2021-11,PM2.5,248,92,15,5,1.5,300,Crop residue burning (paddy) + vehicle emissions + fireworks + industrial activity,Policy,Punjab Stubble Ban,Penalties for burning; alternative crop management,https://sites.wustl.edu/acag/datasets/surface-pm2-5/,Punjab breadbasket; severe crop burning pollution
CS150,Ludhiana_Industrial_Hub,Ludhiana,2021,11,2021-11,PM2.5,235,95,16,8,1.6,310,Industrial emissions (textiles/manufacturing) + crop burning + vehicle traffic + fireworks,Policy,Industrial Emission Standards,Factory controls; vehicle restrictions,https://www.earthdata.nasa.gov/learn/find-data/near-real-time/hazards-and-disasters/air-quality,Industrial capital Punjab; crop burning and industry combination
CS151,Baghdad_Conflict_Zone,Baghdad,2023,07,2023-07,PM2.5,80,110,40,0,3.5,580,Vehicle emissions + dust storms + oil field emissions + power plant pollution + conflict aftermath,Policy,Environmental Monitoring Initiative,First comprehensive air quality monitoring network,https://www.arabnews.com/node/2384306/middle-east,War-torn city; PM2.5 average 80 μg/m³; most polluted Middle East city
CS152,Manama_Island_Pollution,Manama,2023,08,2023-08,PM2.5,67,95,38,0,4.2,620,Oil/gas infrastructure + vehicle emissions + industrial activity + desert dust + marine conditions,Policy,Bahrain Environmental Plan,Emission controls; monitoring expansion,https://www.arabnews.com/node/2384306/middle-east,Island nation; oil infrastructure; PM2.5 66.6 μg/m³ annual average
CS153,Kuwait_City_Heat,Kuwait City,2023,07,2023-07,PM2.5,56,102,46,0,5.0,680,Oil field emissions + vehicle traffic + dust storms + extreme heat + industrial activity,Policy,Kuwait Vision 2035,Renewable energy transition; emission controls,https://www.arabnews.com/node/2384306/middle-east,Oil state; extreme heat; PM2.5 55.8 μg/m³; dust and oil emissions
CS154,Dhahran_Oil_Hub,Dhahran,2023,06,2023-06,PM2.5,42,88,42,0,4.5,640,Oil infrastructure + industrial activity + vehicle emissions + desert dust,Policy,Saudi Green Initiative,Industrial emission controls; environmental standards,https://www.arabnews.com/node/2384306/middle-east,Oil capital; PM2.5 41.5 μg/m³; industrial pollution focus
CS155,Dubai_Construction_Boom,Dubai,2022,08,2022-08,PM2.5,45,85,38,0,3.8,580,Construction dust + vehicle emissions + industrial activity + desert conditions,Policy,Dubai Clean Air Strategy,Construction controls; environmental regulations cut NOx by 60%,https://airquality.gsfc.nasa.gov/world/middle-east,Rapid development; NOx emissions decreased significantly with environmental regulations
CS156,Abu_Dhabi_Industrial,Abu Dhabi,2023,07,2023-07,PM2.5,38,78,40,0,4.0,600,Oil/gas infrastructure + vehicle emissions + industrial zone + construction + desert dust,Policy,UAE Net Zero 2050,Industrial emission standards; renewable energy push,https://www.arabnews.com/node/2384306/middle-east,Capital emirate; oil infrastructure; transitioning to clean energy
CS157,Doha_Rapid_Growth,Doha,2023,06,2023-06,PM2.5,48,92,42,0,4.5,620,Construction boom + vehicle emissions + oil/gas activities + desert dust,Policy,Qatar National Vision 2030,Environmental sustainability; emission controls,https://epic.uchicago.edu/insights/the-middle-east-and-north-africa-emerge-as-new-pollution-hotspots/,World Cup infrastructure; rapid development; desert location
CS158,Muscat_Mountain_Coast,Muscat,2023,05,2023-05,PM2.5,52,82,36,5,3.5,520,Vehicle emissions + port activities + oil infrastructure + desert dust + mountain topography,Policy,Oman Vision 2040,Emission standards; environmental monitoring,https://epic.uchicago.edu/insights/the-middle-east-and-north-africa-emerge-as-new-pollution-hotspots/,Coastal capital; mountains and sea; oil economy pollution
CS159,Amman_Vehicle_Density,Amman,2022,07,2022-07,PM2.5,45,88,32,0,3.0,480,Vehicle emissions + construction dust + desert conditions + topographic bowl,Policy,Greater Amman Air Quality Plan,Vehicle standards; traffic management,https://epic.uchicago.edu/insights/the-middle-east-and-north-africa-emerge-as-new-pollution-hotspots/,Hilly capital; vehicle density; water scarcity compounds dust
CS160,Beirut_Crisis_Pollution,Beirut,2022,08,2022-08,PM2.5,55,95,30,0,2.8,440,Diesel generators + vehicle emissions + trash burning + port activities + economic crisis,Policy,Emergency Energy Plan,Grid restoration efforts; generator emission limits,https://pmc.ncbi.nlm.nih.gov/articles/PMC9853520/,Economic collapse; generator pollution; trash crisis
CS161,Damascus_Conflict_Impact,Damascus,2022,07,2022-07,PM2.5,65,102,34,0,2.5,420,Vehicle emissions + generator use + conflict damage + limited monitoring + dust,Policy,Limited Environmental Capacity,Conflict prevents systematic air quality management,https://pmc.ncbi.nlm.nih.gov/articles/PMC9853520/,War-torn city; infrastructure damage; limited data
CS162,Sanaa_High_Altitude,Sana'a,2022,06,2022-06,PM2.5,58,85,28,15,2.0,400,Vehicle emissions + generator use + construction dust + conflict + high altitude 2300m,Policy,Humanitarian Crisis Management,Limited capacity; conflict prevents environmental action,https://epic.uchicago.edu/insights/the-middle-east-and-north-africa-emerge-as-new-pollution-hotspots/,Conflict zone; high altitude; humanitarian crisis
CS163,Tripoli_Post_Conflict,Tripoli,2022,07,2022-07,PM2.5,52,88,32,0,4.0,520,Vehicle emissions + generator use + oil infrastructure + desert dust + conflict aftermath,Policy,Reconstruction Environmental Plan,Monitoring network restoration efforts,https://epic.uchicago.edu/insights/the-middle-east-and-north-africa-emerge-as-new-pollution-hotspots/,Post-conflict recovery; oil infrastructure; desert location
CS164,Algiers_Coastal_Capital,Algiers,2023,07,2023-07,PM2.5,42,75,28,5,3.2,460,Vehicle emissions + port activities + industrial zone + coastal conditions,Policy,Algeria Environmental Law,Emission standards; monitoring expansion,https://epic.uchicago.edu/insights/the-middle-east-and-north-africa-emerge-as-new-pollution-hotspots/,Mediterranean coast; vehicle density; port pollution
CS165,Rabat_Atlantic_Coast,Rabat,2023,08,2023-08,PM2.5,35,68,26,12,4.0,500,Vehicle emissions + port activities + industrial sources + coastal winds,Policy,Morocco Green Plan,Renewable energy; emission controls,https://epic.uchicago.edu/insights/the-middle-east-and-north-africa-emerge-as-new-pollution-hotspots/,Atlantic coast; capital city; relatively better air quality
CS166,Khartoum_Dust_Heat,Khartoum,2023,06,2023-06,PM2.5,85,78,40,0,4.5,620,Desert dust storms + vehicle emissions + brick kilns + extreme heat + Sahel location,Policy,Limited Environmental Capacity,Political instability prevents systematic action,https://epic.uchicago.edu/insights/the-middle-east-and-north-africa-emerge-as-new-pollution-hotspots/,Nile confluence; Sahel desert; extreme dust; conflict affected
CS167,Addis_Growth_2023,Addis Ababa,2023,11,2023-11,PM2.5,95,78,18,45,2.5,460,Construction boom + unpaved roads + vehicle growth + eucalyptus burning + rapid urbanization,Policy,Addis Ababa Clean Air Plan,Paving program; vehicle emission testing; monitoring expansion,https://www.cleanairfund.org/theme/air-quality-in-africa/,Rapid growth; infrastructure boom; altitude 2400m
CS168,Lagos_Megacity_Crisis,Lagos,2023,02,2023-02,PM2.5,125,92,32,25,2.8,480,Generator pollution + vehicle emissions + waste burning + industrial activity + coastal conditions,Policy,Lagos State Environmental Law,Generator regulations; waste management; vehicle inspection,https://www.cleanairfund.org/theme/air-quality-in-africa/,Africa's largest city; generator dependence; chronic pollution
CS169,Kinshasa_Congo_Capital,Kinshasa,2023,07,2023-07,PM2.5,88,72,28,85,2.5,520,Charcoal burning + vehicle emissions + dust from unpaved roads + waste burning,Policy,DRC Environmental Code,Limited enforcement; capacity constraints,https://www.cleanairfund.org/theme/air-quality-in-africa/,Mega-city; charcoal dependence; Congo River location
CS170,Abidjan_Economic_Hub,Abidjan,2023,01,2023-01,PM2.5,72,68,30,15,3.0,480,Vehicle emissions + port activities + industrial zone + waste burning + lagoon conditions,Policy,Côte d'Ivoire Clean Air Initiative,Port emission controls; vehicle standards,https://www.cleanairfund.org/theme/air-quality-in-africa/,Economic capital; lagoon city; port pollution
CS171,Ouagadougou_Sahel_Dust,Ouagadougou,2023,03,2023-03,PM10,195,58,38,5,4.5,600,Saharan dust + unpaved roads + motorcycle emissions + construction dust + Sahel location,Infrastructure,Urban Paving Program,Road infrastructure; dust suppression,https://www.cleanairfund.org/theme/air-quality-in-africa/,Sahel landlocked; dust predominant; motorcycle capital
CS172,Bamako_Niger_River,Bamako,2023,03,2023-03,PM10,175,62,36,8,4.0,580,Dust storms + unpaved roads + vehicle emissions + waste burning + Sahel conditions,Policy,Mali Environmental Plan,Limited implementation; security constraints,https://www.cleanairfund.org/theme/air-quality-in-africa/,Niger River location; Sahel dust; security challenges
CS173,Niamey_Sahel_Capital,Niamey,2023,04,2023-04,PM10,188,55,40,12,5.0,620,Saharan dust + unpaved roads + vehicle emissions + construction + extreme heat,Infrastructure,Niamey Urban Development,Road paving; green infrastructure,https://www.cleanairfund.org/theme/air-quality-in-africa/,Niger River; Sahel zone; dust storms frequent
CS174,Conakry_Coastal_Growth,Conakry,2023,02,2023-02,PM2.5,78,65,32,35,3.5,500,Vehicle emissions + port activities + mining dust + unpaved roads + coastal conditions,Policy,Guinea Mining Regulations,Emission controls for mining transport; port standards,https://www.cleanairfund.org/theme/air-quality-in-africa/,Atlantic coast; bauxite export; mining impact
CS175,Freetown_Hills_Coast,Freetown,2023,02,2023-02,PM2.5,68,58,31,55,3.8,520,Vehicle emissions + port activities + construction + hillside erosion dust + coastal winds,Infrastructure,Freetown Tree Town,Urban greening; hillside stabilization,https://www.cleanairfund.org/theme/air-quality-in-africa/,Hilly peninsula; coastal capital; erosion compounds dust